<?xml version="1.0" encoding="UTF-8"?>
<dataroot xmlns:od="urn:schemas-microsoft-com:officedata" xmlns:xsi="http://www.w3.org/2001/XMLSchema-instance"  xsi:noNamespaceSchemaLocation="e2p.xsd" generated="2018-06-22T17:18:48">
<e2p>
<id>1</id>
<word>a</word>
<pro>ਏਇ,ਅ</pro>
<mean1>/ਏਇ/ n ਰੋਮਨ ਅਤੇ ਅੰਗਰੇਜ਼ੀ ਵਰਨਮਾਲਾ ਦਾ ਪਹਿਲਾ ਅੱਖਰ; (ਦਲੀਲ ਵਿੱਚ) ਪਹਿਲੀ ਗੱਲ; (ਗਣਿ) ਮਿੱਥੀ ਹੋਈ ਰਾਸ਼ੀ ਵਸਤੂ ਜਾਂ ਵਿਅਕਤੀ</mean1>
<mean2> /ਅ/ a ਇੱਕ, ਕੋਈ ਇੱਕ, ਕੋਈ; ਫ਼ੀ, ਪ੍ਰਤਿ</mean2>
<mean3>nul</mean3>
<mean4>nul</mean4>
</e2p>
<e2p>
<id>25</id>
<word>abbreviation</word>
<pro>ਅ&apos;ਬਰੀਵਿ਼&apos;ਏਇਸ਼ਨ</pro>
<mean1>n ਛੋਟਾ ਰੂਪ, ਸੰਖੇਪ, ਸੰਖਿਪਤ ਰੂਪ, ਸੰਖੇਪ ਸ਼ਬਦ</mean1>
<mean2>nul</mean2>
<mean3>nul</mean3>
<mean4>nul</mean4>
</e2p>
<e2p>
<id>20626</id>
<word>memento</word>
<pro>ਮਅ&apos;ਮੈੱਨਟਅਉ</pro>
<mean1>n ਯਾਦਗਾਰ, ਨਿਸ਼ਾਨੀ, ਸਮਾਰਕ</mean1>
<mean2>nul</mean2>
<mean3>nul</mean3>
<mean4>nul</mean4>
</e2p>
<e2p>
<id>27763</id>
<word>reality check</word>
<pro>---</pro>
<mean1>a ਅਸਲੀਅਤ ਦਾ ਪ੍ਰਗਟਾਵਾ, ਤੱਥਾਂ ਉੱਤੇ ਆਧਾਰਿਤ, ਹਕੀਕੀ ਪਰਖ</mean1>
<mean2>nul</mean2>
<mean3>nul</mean3>
<mean4>nul</mean4>
</e2p>
<e2p>
<id>27782</id>
<word>rearing</word>
<pro>&apos;ਰਿਅਰਿਙ</pro>
<mean1>n ਪਾਲਣ-ਪੋਸ਼ਣ; ਉੱਥਾਪਨ</mean1>
<mean2>nul</mean2>
<mean3>nul</mean3>
<mean4>nul</mean4>
</e2p>
<e2p>
<id>27793</id>
<word>reassure</word>
<pro>.ਰੀਅ&apos;ਸ਼ੁਅ*, .ਰੀਅ&apos;ਸ਼ੋ*</pro>
<mean1>vt ਮੁੜ ਵਿਸ਼ਵਾਸ ਦੁਆਉਣਾ, ਫਿਰ ਭਰੋਸਾ ਦੁਆਉਣਾ; ਸ਼ੰਕਾ ਦੂਰ ਕਰਨਾ</mean1>
<mean2>nul</mean2>
<mean3>nul</mean3>
<mean4>nul</mean4>
</e2p>
<e2p>
<id>32672</id>
<word>swat</word>
<pro>ਸਵੌਟ</pro>
<mean1>n ਮੱਖੀਆਂ ਮਾਰਨ ਲਈ ਫੱਟੀ ਜਾਂ ਝਾੜਨ vt ਮੱਖੀ ਮਾਰਨਾ; ਜ਼ੋਰ ਨਾਲ ਮਾਰਨਾ</mean1>
<mean2>nul</mean2>
<mean3>nul</mean3>
<mean4>nul</mean4>
</e2p>
<e2p>
<id>32673</id>
<word>swatter</word>
<pro>ਸਵੌਟਅ*</pro>
<mean1>n ਮੱਖੀਆਂ ਮਾਰਨ ਵਾਲਾ ਝਾੜਨ</mean1>
<mean2>nul</mean2>
<mean3>nul</mean3>
<mean4>nul</mean4>
</e2p>
<e2p>
<id>32674</id>
<word>swath</word>
<pro>ਸਵੌਥ</pro>
<mean1>n (ਵਾਢੀ ਵਿੱਚ ਘਾਹ ਜਾਂ ਫ਼ਸਲ ਦੀ) ਫਾਂਟ, ਰਹਿਲ</mean1>
<mean2>nul</mean2>
<mean3>nul</mean3>
<mean4>nul</mean4>
</e2p>
<e2p>
<id>32675</id>
<word>swathe</word>
<pro>ਸਵੇਇਦ</pro>
<mean1>n (ਵਾਢੀ ਵਿੱਚ ਘਾਹ ਜਾਂ ਫ਼ਸਲ ਦੀ) ਫਾਂਟ, ਰਹਿਲ</mean1>
<mean2>vt ਪੱਟੀਆਂ ਵਲ੍ਹੇਟਣਾ, ਪੱਟੀਆਂ ਬੰਨ੍ਹਣਾ, ਕੱਪੜਿਆਂ ਨਾਲ ਲੱਦ ਦੇਣਾ, ਕੱਪੜਿਆਂ ਜਾਂ ਚਾਦਰਾਂ ਵਿੱਚ ਲਪੇਟਣਾ, ਗਰਮ ਕੱਪੜੇ ਜਾਂ ਪੁਸ਼ਾਕ ਪਹਿਨਾਉਣਾ</mean2>
<mean3>nul</mean3>
<mean4>nul</mean4>
</e2p>
<e2p>
<id>32676</id>
<word>sway</word>
<pro>ਸਵੇਇ</pro>
<mean1>v ਉੱਲਰਨਾ; ਐਧਰ-ਓਧਰ ਹਿੱਲਣਾ ਜਾਂ ਹਿਲਾਉਣਾ, ਡੁਲਾਉਣਾ; ਲਚਕਾ ਖਾਣਾ; ਝੂਮਣਾ, ਝੂਟਣਾ, ਝੁਲਾਰਨਾ; ਅਸਰ ਪਾਉਣਾ; ਸਿੱਕਾ ਬਠਾਉਣਾ; ਰਾਜ ਕਰਨਾ; ਤੋਲਣਾ, ਜਾਂਚਣਾ n ਉਲਾਰ, ਝੋਕ; ਝਟਕਾ; ਅਸਰ, ਪ੍ਰਭਾਵ; ਹਕੂਮਤ</mean1>
<mean2>nul</mean2>
<mean3>nul</mean3>
<mean4>nul</mean4>
</e2p>
<e2p>
<id>32677</id>
<word>sweal</word>
<pro>ਸਵੀਲ</pro>
<mean1>v ਜਲਾਉਣਾ, ਝੁਲਸਾਉਣਾ, ਪਿਘਲਾਉਣਾ; ਪਿਘਲ ਕੇ ਬਹਿ ਨਿਕਲਨਾ, ਦਰਵਤ ਹੋਣਾ</mean1>
<mean2>nul</mean2>
<mean3>nul</mean3>
<mean4>nul</mean4>
</e2p>
<e2p>
<id>32678</id>
<word>swear</word>
<pro>ਸਵੇਅ*</pro>
<mean1>v ਸਹੁੰ ਖਾਣਾ ਜਾਂ ਚੁੱਕਣਾ, ਕਸਮ ਖਾਣਾ, ਧਰਮ ਚੁੱਕਣਾ; ਕਸਮ ਚੁੱਕ ਕੇ ਕਹਿਣਾ; ਗਾਲੀ ਦੇਣਾ, ਬੁਰਾ-ਭਲਾ ਕਹਿਣਾ; ਸੁਗੰਧ ਖੁਆਣਾ, ਹਲਫ਼ ਲੈ ਕੇ ਇਲਜ਼ਾਮ ਲਗਾਉਣਾ n ਸਹੁੰ, ਸੁਗੰਧ, ਕਸਮ</mean1>
<mean2>nul</mean2>
<mean3>nul</mean3>
<mean4>nul</mean4>
</e2p>
<e2p>
<id>32679</id>
<word>swearing</word>
<pro>&apos;ਸਵੇਅਰਿਙ</pro>
<mean1>n ਹਲਫ਼ ਉਠਾਉਣ, ਸਹੁੰ ਚੁੱਕਣ</mean1>
<mean2>nul</mean2>
<mean3>nul</mean3>
<mean4>nul</mean4>
</e2p>
<e2p>
<id>32680</id>
<word>sweat</word>
<pro>ਸਵੈੱਟ</pro>
<mean1>n ਪਸੀਨਾ, ਮੁੜ੍ਹਕਾ, ਪਰਸੇਊ; ਕਰੜੀ ਕਸਰਤ, ਘੋਲ ਜਾਂ ਦੌੜ; (ਬੋਲ) ਬੇਚੈਨੀ, ਪਰੇਸ਼ਾਨੀ; ਸਖ਼ਤ ਮਿਹਨਤ ਜਾਂ ਮੁਸ਼ੱਕਤ ਦਾ ਕੰਮ, ਮਿਹਨਤ ਮਜ਼ਦੂਰੀ v ਪਸੀਨਾ ਵਗਣਾ ਜਾਂ ਚੋਣਾ, ਤੇਲ ਕੱਢਣਾ, ਕਰੜੀ ਮਿਹਨਤ ਕਰਨਾ, ਜਾਨ ਮਾਰਨਾ; (ਦਿਵਾਰ ਦਾ) ਸਿਲ੍ਹ ਪੈਦਾ ਕਰਨਾ; ਖ਼ੂਨ ਚੂਸਣਾ, ਘੱਟ ਪੈਸੇ ਦੇ ਕੇ ਕਈ ਘੰਟਿਆਂ ਤੱਕ ਕੰਮ ਲੈਣਾ</mean1>
<mean2>nul</mean2>
<mean3>nul</mean3>
<mean4>nul</mean4>
</e2p>
<e2p>
<id>32681</id>
<word>sweater</word>
<pro>&apos;ਸਵੈੱਟਅ*</pro>
<mean1>n ਮੁੜ੍ਹਕਾ ਵਹਾਉਣ ਵਾਲਾ; ਕਰੜੀ ਮਿਹਨਤ ਕਰਨ ਵਾਲਾ; ਸਵੈਟਰ</mean1>
<mean2>nul</mean2>
<mean3>nul</mean3>
<mean4>nul</mean4>
</e2p>
<e2p>
<id>32682</id>
<word>sweaty</word>
<pro>&apos;ਸਵੈੱਟਿ</pro>
<mean1>a ਮੁੜ੍ਹਕੋ-ਮੁੜ੍ਹਕੀ, ਪਸੀਨੇ ਨਾਲ ਤਰ; ਮੁਸ਼ੱਕਤੀ</mean1>
<mean2>nul</mean2>
<mean3>nul</mean3>
<mean4>nul</mean4>
</e2p>
<e2p>
<id>32683</id>
<word>Swede</word>
<pro>ਸਵੀਡ</pro>
<mean1>n ਸਵੀਡਨ ਦਾ ਵਾਸੀ; ਸਵੀਡਨ ਦਾ ਜੰਮਪਲ</mean1>
<mean2>nul</mean2>
<mean3>nul</mean3>
<mean4>nul</mean4>
</e2p>
<e2p>
<id>32684</id>
<word>Swedish</word>
<pro>&apos;ਸਵੀਡਿਸ਼</pro>
<mean1>a ਸਵੀਡਨ ਜਾਂ ਉਸ ਦੇ ਨਿਵਾਸੀਆਂ ਦਾ n ਸਵੀਡਨ ਦੀ ਭਾਸ਼ਾ</mean1>
<mean2>nul</mean2>
<mean3>nul</mean3>
<mean4>nul</mean4>
</e2p>
<e2p>
<id>32685</id>
<word>sweep</word>
<pro>ਸਵੀਪ</pro>
<mean1>v ਝਾੜੂ ਦੇਣਾ, ਸੰਬਰਨਾ, ਝਾੜਨਾ, ਬੁਹਾਰਨਾ, ਹੁੰਝਣਾ; ਤੇਜ਼ੀ ਨਾਲ ਚੱਲਣਾ, ਸ਼ਾਨ ਨਾਲ ਚੱਲਣਾ; ਝਪਟਣਾ; ਮਿਟਾ ਦੇਣਾ, ਸਮਾਪਤ ਕਰ ਦੇਣਾ, ਅੰਤ ਕਰ ਦੇਣਾ; ਤੇਜ਼ੀ ਨਾਲ ਵਹਾਅ ਕੇ ਲੈ ਜਾਣਾ, ਤੇਜ਼ੀ ਨਾਲ ਉਡਾ ਕੇ ਲੈ ਜਾਣਾ; ਤੇਜ਼ੀ ਨਾਲ ਨਜ਼ਰ ਘੁਮਾਉਣਾ; ਤੇਜ਼ੀ ਨਾਲ ਪਾਰ ਨਿਕਲ ਜਾਣਾ; ਰਗੜ ਕੇ ਸਾਫ਼ ਕਰਨਾ; (ਤੋਪਖ਼ਾਨੇ ਦਾ) ਦੁਸ਼ਮਣ </mean1>
<mean2>nul</mean2>
<mean3>nul</mean3>
<mean4>nul</mean4>
</e2p>
<e2p>
<id>32686</id>
<word>sweeper</word>
<pro>&apos;ਸਵੀਪਅ*</pro>
<mean1>n ਸਫ਼ਾਈ ਕਰਨ ਵਾਲਾ, ਝਾੜੂ ਦੇਣ ਵਾਲਾ, ਸਫ਼ਾਈ ਸੇਵਕ, ਸਮੇਟਣ ਵਾਲਾ, ਭੰਗੀ, ਮਿਹਤਰ</mean1>
<mean2>nul</mean2>
<mean3>nul</mean3>
<mean4>nul</mean4>
</e2p>
<e2p>
<id>32687</id>
<word>sweeping</word>
<pro>&apos;ਸਵੀਪਿਙ</pro>
<mean1>a ਮਹੱਤਵਪੂਰਨ; ਦੂਰਰਸ, ਦੂਰਗਾਮੀ; ਵਿਆਪਕ; ਹੂੰਝਾ-ਫੇਰੂ</mean1>
<mean2>nul</mean2>
<mean3>nul</mean3>
<mean4>nul</mean4>
</e2p>
<e2p>
<id>32688</id>
<word>sweepstake</word>
<pro>&apos;ਸਵੀਪਸਟੇਇਕ</pro>
<mean1>n ਘੋੜਦੌੜ ਆਦਿ ਉੱਤੇ ਲੱਗੀ ਰਕਮ</mean1>
<mean2>nul</mean2>
<mean3>nul</mean3>
<mean4>nul</mean4>
</e2p>
<e2p>
<id>32689</id>
<word>sweet</word>
<pro>ਸਵੀਟ</pro>
<mean1>a ਮਿੱਠਾ; ਸੁਆਦੀ; ਸੁਰੀਲਾ; ਤਾਜ਼ਾ (ਪਾਣੀ) n ਪ੍ਰੇਮਿਕਾ, ਪਿਆਰੀ; ਮਿਠਿਆਈ; (ਬਹੁ) ਮਿਠਿਆਈਆਂ; ਸੁਆਦੀ ਖਾਣੇ; ਮਜ਼ੇ, ਰਸ, ਸੁਆਦ, ਖ਼ੁਸ਼ੀਆਂ; (ਸੰਬੋਧਨ) ਪਿਆਰੀ, ਪਿਆਰਾ, ਪ੍ਰੀਤਮ</mean1>
<mean2>nul</mean2>
<mean3>nul</mean3>
<mean4>nul</mean4>
</e2p>
<e2p>
<id>32690</id>
<word>sweetbread</word>
<pro>&apos;ਸਵੀਟਬਰੈੱਡ</pro>
<mean1>n ਕਪੂਰੇ</mean1>
<mean2>nul</mean2>
<mean3>nul</mean3>
<mean4>nul</mean4>
</e2p>
<e2p>
<id>9018</id>
<word>defectible</word>
<pro>ਡਿ&apos;ਫ਼ੈੱਕਟਿਬ(ਅ)ਲ</pro>
<mean1>a ਔਗੁਣਹਾਰਾ, ਦੋਸ਼ਪੂਰਨ, ਨੁਕਸਦਾਰ, ਤਰੁਟੀਪੂਰਨ</mean1>
<mean2>nul</mean2>
<mean3>nul</mean3>
<mean4>nul</mean4>
</e2p>
<e2p>
<id>9019</id>
<word>defection</word>
<pro>ਡਿ&apos;ਫ਼ੈੱਕਸ਼ਨ</pro>
<mean1>n ਪੱਖ-ਤਿਆਗ; ਧਰਮ-ਤਿਆਗ; ਦਲ-ਤਿਆਗ; ਬੇਮੁਖਤਾ, ਧਰਮ ਜਾਂ ਕਰਤੱਵ ਤੋਂ ਬੇਮੁਖ ਹੋਣ ਦੀ ਕਿਰਿਆ, ਬੇਦਾਵਾ</mean1>
<mean2>nul</mean2>
<mean3>nul</mean3>
<mean4>nul</mean4>
</e2p>
<e2p>
<id>9020</id>
<word>defectionist</word>
<pro>ਡਿ&apos;ਫ਼ੈੱਕਸ਼ਨਿਸਟ</pro>
<mean1>n ਧਰਮ ਤਿਆਗੀ; ਧ੍ਰੋਹੀ, ਧੋਖੇਬਾਜ਼</mean1>
<mean2>nul</mean2>
<mean3>nul</mean3>
<mean4>nul</mean4>
</e2p>
<e2p>
<id>9021</id>
<word>defective</word>
<pro>ਡਿ&apos;ਫ਼ੈੱਕਟਿਵ਼</pro>
<mean1>a ਨੁਕਸਦਾਰ, ਤਰੁਟੀਪੂਰਨ, ਦੋਸ਼ਪੂਰਨ; ਖੋਟਾ, ਦਾਗੀ; ਅਪੂਰਨ; (ਵਿਆ) ਕਿਸੇ ਵਿਭਕਤੀ ਤੋਂ ਬਿਨਾਂ</mean1>
<mean2>nul</mean2>
<mean3>nul</mean3>
<mean4>nul</mean4>
</e2p>
<e2p>
<id>9022</id>
<word>defective coin</word>
<pro>---</pro>
<mean1>n ਖੋਟਾ ਸਿੱਕਾ</mean1>
<mean2>nul</mean2>
<mean3>nul</mean3>
<mean4>nul</mean4>
</e2p>
<e2p>
<id>9023</id>
<word>defectiveness</word>
<pro>ਡਿ&apos;ਫ਼ੈੱਕਟਿਵ਼ਨਅਸ</pro>
<mean1>n ਤਰੁਟੀਪੂਰਨਤਾ, ਦੋਸ਼ਭਰਪੂਰਤਾ; ਕਮੀ, ਘਾਟ, ਊਣਤਾਈ</mean1>
<mean2>nul</mean2>
<mean3>nul</mean3>
<mean4>nul</mean4>
</e2p>
<e2p>
<id>9024</id>
<word>defector</word>
<pro>ਡਿ&apos;ਫ਼ੈੱਕਟਅ*</pro>
<mean1>n ਦਲ-ਬਦਲੂ</mean1>
<mean2>nul</mean2>
<mean3>nul</mean3>
<mean4>nul</mean4>
</e2p>
<e2p>
<id>9025</id>
<word>defence</word>
<pro>ਡਿ&apos;ਫ਼ੈੱਨਸ</pro>
<mean1>n ਰੱਖਿਆ, ਸੁਰੱਖਿਆ; ਪ੍ਰਤਿਵਾਦ ਲੇਖ; (ਕਨੂੰ) ਪ੍ਰਤਿਵਾਦੀ ਦਾ ਪ੍ਰਤਿਉੱਤਰ; ਬਚਾਅ, ਰੋਕ, ਆੜ, ਓਟ, ਪਨਾਹ, ਸ਼ਰਨ; ਮੋਰਚਾਬੰਦੀ, ਕਿਲ੍ਹਾਬੰਦੀ line of defence ਮੋਰਚਾਬੰਦੀ</mean1>
<mean2>nul</mean2>
<mean3>nul</mean3>
<mean4>nul</mean4>
</e2p>
<e2p>
<id>9026</id>
<word>defenceless</word>
<pro>ਡਿ&apos;ਫ਼ੈੱਨਸਲਅਸ</pro>
<mean1>a ਅਸੁਰੱਖਿਅਤ, ਨਿਰਾਸਰਾ, ਅਨਾਥ; ਸ਼ਸਤਰਹੀਣ</mean1>
<mean2>nul</mean2>
<mean3>nul</mean3>
<mean4>nul</mean4>
</e2p>
<e2p>
<id>9027</id>
<word>defend</word>
<pro>ਡਿ&apos;ਫ਼ੈੱਨਡ</pro>
<mean1>v ਰੱਖਿਆ ਕਰਨਾ, ਬਚਾਅ ਕਰਨਾ, ਰਾਖੀ ਕਰਨਾ; ਬਚਾਉਣਾ, ਰੋਕਣਾ; ਪ੍ਰਤਿਵਾਦ ਕਰਨਾ, ਪੱਖ ਪੂਰਨਾ, ਪੱਖ ਦੀ ਪੁਸ਼ਟੀ ਕਰਨਾ; ਪ੍ਰਤਿਵਾਦੀ ਵੱਲੋਂ ਪੈਰਵੀ ਕਰਨਾ; ਸਫ਼ਾਈ ਪੇਸ਼ ਕਰਨਾ, ਮੁਕੱਦਮੇ ਦੀ ਜਵਾਬਦੇਹੀ ਕਰਨਾ</mean1>
<mean2>nul</mean2>
<mean3>nul</mean3>
<mean4>nul</mean4>
</e2p>
<e2p>
<id>9028</id>
<word>defendable</word>
<pro>ਡਿ&apos;ਫ਼ੈੱਨਡਅਬਲ</pro>
<mean1>a ਰੱਖਿਆ ਕਰਨ ਯੋਗ</mean1>
<mean2>nul</mean2>
<mean3>nul</mean3>
<mean4>nul</mean4>
</e2p>
<e2p>
<id>9029</id>
<word>defendant</word>
<pro>ਡਿ&apos;ਫ਼ੈੱਨਡਅਨਟ</pro>
<mean1>n ਜਿਸ ਉੱਤੇ ਮੁਕੱਦਮਾ ਚੱਲ ਰਿਹਾ ਹੋਵੇ, ਮੁਦਾਲਾ, ਦੋਸ਼ੀ, ਪ੍ਰਤਿਵਾਦੀ</mean1>
<mean2>nul</mean2>
<mean3>nul</mean3>
<mean4>nul</mean4>
</e2p>
<e2p>
<id>9030</id>
<word>defender</word>
<pro>ਡਿ&apos;ਫ਼ੈੱਨਡਅ*</pro>
<mean1>n ਰਾਖਾ, ਰੱਖਿਅਕ, ਪ੍ਰਤਿਪਾਲਕ, ਬਚਾਉਣ ਵਾਲਾ</mean1>
<mean2>nul</mean2>
<mean3>nul</mean3>
<mean4>nul</mean4>
</e2p>
<e2p>
<id>9031</id>
<word>defensibility</word>
<pro>ਡਿ.ਫ਼ੈੱਨਸਿ&apos;ਬਿਲਅਟਿ</pro>
<mean1>n ਪ੍ਰਤਿਵਾਦਤਾ; ਨਿਆਂਯੁਕਤਤਾ; ਰੱਖਿਅਕ ਯੋਗਤਾ</mean1>
<mean2>nul</mean2>
<mean3>nul</mean3>
<mean4>nul</mean4>
</e2p>
<e2p>
<id>9032</id>
<word>defensible</word>
<pro>ਡਿ&apos;ਫ਼ੈੱਨਸਅਬਲ</pro>
<mean1>a ਰੱਖਿਆਯੋਗ, ਪੈਰਵੀਯੋਗ, ਨਿਆਂਯੋਗ, ਨਿਆਂਯੁਕਤ</mean1>
<mean2>nul</mean2>
<mean3>nul</mean3>
<mean4>nul</mean4>
</e2p>
<e2p>
<id>9033</id>
<word>defensive</word>
<pro>ਡਿ&apos;ਫ਼ੈੱਨਸਿਵ਼</pro>
<mean1>n ਬਚਾਅ a ਰੱਖਿਅਕ; ਰੱਖਿਆਤਮਿਕ, ਬਚਾਅ ਵਾਲਾ</mean1>
<mean2>nul</mean2>
<mean3>nul</mean3>
<mean4>nul</mean4>
</e2p>